Metric,Value
Pion_Efficiency_%,80.25692323891755
Kaon_Efficiency_%,82.7037773359841
Pion_Contamination_%,0.9160787617142255
Kaon_Contamination_%,372.7634194831014
